{"cameraMode":{"drawMode":0,"name":"Shaded","section":"Shading Mode"},"sceneLighting":true,"audioPlay":false,"sceneViewState":{"showFog":true,"showMaterialUpdate":false,"showSkybox":true,"showFlares":true,"showImageEffects":true,"showParticleSystems":true},"in2DMode":false,"pivot":{"x":143.92066955566407,"y":101.09687042236328,"z":163.84683227539063},"rotation":{"x":-0.006151012610644102,"y":-0.9250195622444153,"z":0.37958380579948428,"w":-0.014991606585681439},"size":38.31968688964844,"orthographic":false}