{"cameraMode":{"drawMode":0,"name":"Shaded","section":"Shading Mode"},"sceneLighting":true,"audioPlay":false,"sceneViewState":{"showFog":true,"showMaterialUpdate":false,"showSkybox":true,"showFlares":true,"showImageEffects":true,"showParticleSystems":true},"in2DMode":false,"pivot":{"x":120.4847183227539,"y":55.77183532714844,"z":113.94905090332031},"rotation":{"x":-0.1313152313232422,"y":0.8687046766281128,"z":-0.3368355929851532,"w":-0.33863958716392519},"size":27.96611976623535,"orthographic":false}