{"cameraMode":{"drawMode":0,"name":"Shaded","section":"Shading Mode"},"sceneLighting":true,"audioPlay":false,"sceneViewState":{"showFog":true,"showMaterialUpdate":false,"showSkybox":true,"showFlares":true,"showImageEffects":true,"showParticleSystems":true},"in2DMode":false,"pivot":{"x":160.4842987060547,"y":37.66754150390625,"z":66.14546203613281},"rotation":{"x":0.2098364382982254,"y":-0.739838719367981,"z":0.5806196928024292,"w":0.26738038659095766},"size":276.82733154296877,"orthographic":false}